Fold 1,Fold 2,Fold 3,Fold 4,Fold 5,Fold 6,Fold 7,Fold 8,Fold 9,Fold 10,Min,Avg,Max
0.906,0.905,0.905,0.908,0.913,0.915,0.926,0.912,0.912,0.906,0.905,0.9108000000000003,0.926
0.8285714285714286,0.8484848484848485,0.8382352941176471,0.8656716417910447,0.8970588235294118,0.868421052631579,0.9240506329113924,0.8533333333333334,0.8533333333333334,0.8507462686567164,0.8285714285714286,0.8627906657360735,0.9240506329113924
