Fold 1,Fold 2,Fold 3,Fold 4,Fold 5,Fold 6,Fold 7,Fold 8,Fold 9,Fold 10,Min,Avg,Max
0.908,0.907,0.909,0.907,0.91,0.922,0.926,0.922,0.918,0.911,0.907,0.9139999999999999,0.926
0.8428571428571429,0.8529411764705882,0.890625,0.8636363636363636,0.8923076923076924,0.9090909090909091,0.9135802469135802,0.9315068493150684,0.9154929577464789,0.8714285714285714,0.8428571428571429,0.8883466909766394,0.9315068493150684
