Fold 1,Fold 2,Fold 3,Fold 4,Fold 5,Fold 6,Fold 7,Fold 8,Fold 9,Fold 10,Min,Avg,Max
0.905,0.91,0.911,0.912,0.908,0.921,0.922,0.919,0.914,0.912,0.905,0.9134,0.922
0.8082191780821918,0.8591549295774648,0.8823529411764706,0.863013698630137,0.8450704225352113,0.8974358974358975,0.8795180722891566,0.8846153846153846,0.8873239436619719,0.9206349206349206,0.8082191780821918,0.8727339388638807,0.9206349206349206
